{"val_loss_history":[1.7800239336734],"val_loss_history_it":[1000],"forward_backward_times":{},"opt":{"max_epochs":50,"checkpoint_every":1000,"batch_size":50,"memory_benchmark":0,"init_from":"","lr_decay_factor":0.5,"model_type":"lstm","print_every":1,"lr_decay_every":5,"seq_length":50,"input_json":"data\/artForumReviews.json","num_layers":2,"input_h5":"data\/artForumReviews.h5","dropout":0,"rnn_size":128,"checkpoint_name":"cv\/checkpoint","speed_benchmark":0,"batchnorm":0,"learning_rate":0.002,"gpu_backend":"cuda","grad_clip":5,"wordvec_size":64,"gpu":-1},"train_loss_history":[5.0910501480103,4.9259452819824,4.6820135116577,4.3967728614807,4.1294360160828,3.8790676593781,3.7015280723572,3.4803042411804,3.4040668010712,3.2673108577728,3.2700836658478,3.1705338954926,3.1508016586304,3.1852369308472,3.2014534473419,3.2655961513519,3.2806899547577,3.2162265777588,3.2288157939911,3.2328324317932,3.2201030254364,3.1998789310455,3.1339893341064,3.1441051959991,3.1466720104218,3.1380331516266,3.2137675285339,3.1812145709991,3.2156174182892,3.1525993347168,3.1141016483307,3.0999927520752,3.0695300102234,3.0794541835785,3.1470377445221,3.1140401363373,3.0864462852478,3.0842769145966,3.1146342754364,3.1557419300079,3.1009547710419,3.1327958106995,3.1461176872253,3.2303731441498,3.1126818656921,3.1023778915405,3.1219973564148,3.0635561943054,3.1230442523956,3.0990016460419,3.0721430778503,3.0700898170471,3.027125120163,3.0302295684814,3.1055502891541,3.0082945823669,3.0844624042511,3.1100075244904,3.0238356590271,3.0723805427551,3.0749669075012,3.1355905532837,3.0792827606201,3.0036399364471,2.9406607151031,3.0237555503845,3.0712056159973,3.0238327980042,2.971691608429,2.985121011734,2.9840273857117,2.9753141403198,2.9825186729431,3.0081164836884,2.9163239002228,2.9556493759155,2.9060544967651,2.9517848491669,2.9215569496155,2.8468341827393,2.8886313438416,2.8915679454803,2.8450880050659,2.8458724021912,2.9044227600098,2.8803014755249,2.814733505249,2.8940825462341,2.8720545768738,2.8235149383545,2.8211772441864,2.8170506954193,2.8490686416626,2.7583024501801,2.7412028312683,2.8411092758179,2.6953551769257,2.7335143089294,2.6438720226288,2.7012317180634,2.6875095367432,2.7810096740723,2.6848528385162,2.7187666893005,2.6624155044556,2.6918258666992,2.676745891571,2.6583302021027,2.6128647327423,2.6706988811493,2.662896156311,2.5976448059082,2.6715099811554,2.6731522083282,2.6453485488892,2.5576286315918,2.5947287082672,2.5133259296417,2.5840671062469,2.567976474762,2.5846092700958,2.602255821228,2.551114320755,2.5992670059204,2.5993201732635,2.6302673816681,2.6226794719696,2.5318586826324,2.553074836731,2.6300256252289,2.6639988422394,2.6420769691467,2.7117455005646,2.654821395874,2.5647947788239,2.5245406627655,2.6301996707916,2.6234858036041,2.5917975902557,2.6069469451904,2.5784411430359,2.6129746437073,2.6123926639557,2.4884836673737,2.4913032054901,2.5576846599579,2.6634349822998,2.5834922790527,2.5344157218933,2.4444184303284,2.5211946964264,2.4919204711914,2.5661637783051,2.5340797901154,2.5966174602509,2.5644268989563,2.5058953762054,2.4978394508362,2.4908876419067,2.471875667572,2.4510450363159,2.4584560394287,2.4958965778351,2.6052043437958,2.557450056076,2.5471711158752,2.5217258930206,2.4869058132172,2.374303817749,2.4410037994385,2.4766256809235,2.4705471992493,2.4621555805206,2.462660074234,2.4969868659973,2.4918885231018,2.437432050705,2.4106276035309,2.4000012874603,2.4043753147125,2.4123167991638,2.4256212711334,2.5101232528687,2.4887156486511,2.4349164962769,2.4109678268433,2.4257605075836,2.3879880905151,2.4038751125336,2.3934006690979,2.4400544166565,2.3888473510742,2.4483807086945,2.4159445762634,2.3809835910797,2.4027624130249,2.4042253494263,2.3263592720032,2.3459134101868,2.3488938808441,2.4374854564667,2.3363122940063,2.314338684082,2.3432800769806,2.4098980426788,2.3274705410004,2.3381114006042,2.3152132034302,2.3188841342926,2.3513946533203,2.3987572193146,2.3821864128113,2.3034858703613,2.3170568943024,2.4193227291107,2.3074352741241,2.3072209358215,2.1902458667755,2.2580864429474,2.2694215774536,2.3095796108246,2.3040821552277,2.318106174469,2.366082906723,2.3491311073303,2.3197069168091,2.3660764694214,2.3016076087952,2.3167967796326,2.3132073879242,2.318409204483,2.379499912262,2.2940258979797,2.2766220569611,2.3462438583374,2.3978435993195,2.3244936466217,2.305365562439,2.2942807674408,2.3168852329254,2.3285503387451,2.3308653831482,2.3317978382111,2.3004541397095,2.3506674766541,2.3489375114441,2.2725033760071,2.2912399768829,2.2335329055786,2.1955516338348,2.2682592868805,2.3085505962372,2.3634448051453,2.3317258358002,2.2868614196777,2.3269877433777,2.3112683296204,2.3614721298218,2.2695026397705,2.3146409988403,2.3202493190765,2.255544424057,2.2514674663544,2.177663564682,2.2404022216797,2.2782571315765,2.2640914916992,2.2602987289429,2.2858333587646,2.2385799884796,2.2898325920105,2.2787148952484,2.354026556015,2.2528913021088,2.2799556255341,2.2196304798126,2.250964641571,2.3033306598663,2.2570445537567,2.2560338973999,2.2948608398438,2.2516176700592,2.1643912792206,2.1938982009888,2.2313907146454,2.2622830867767,2.2257096767426,2.1855483055115,2.2126548290253,2.2152664661407,2.1654191017151,2.1329751014709,2.2057862281799,2.1638498306274,2.1764094829559,2.2051758766174,2.2243182659149,2.1369116306305,2.2089006900787,2.1561052799225,2.2309856414795,2.2196314334869,2.16357421875,2.1394469738007,2.1469669342041,2.1373794078827,2.1411521434784,2.2499134540558,2.1987428665161,2.1986081600189,2.1815385818481,2.1535456180573,2.1322934627533,2.1558055877686,2.2262036800385,2.2341811656952,2.2121934890747,2.2357473373413,2.2369270324707,2.2187149524689,2.1915171146393,2.1847431659698,2.1429736614227,2.17640376091,2.1284487247467,2.1460566520691,2.152863740921,2.1984062194824,2.1636390686035,2.201033115387,2.2064340114594,2.2196805477142,2.1312725543976,2.2229452133179,2.2112255096436,2.1888372898102,2.2262444496155,2.1814477443695,2.1979703903198,2.2714996337891,2.128000497818,2.174898147583,2.1729650497437,2.1025087833405,2.1119740009308,2.1311979293823,2.1425321102142,2.1461114883423,2.1356694698334,2.1485440731049,2.189950466156,2.1385979652405,2.1396770477295,2.1101629734039,2.1730496883392,2.1594078540802,2.1179776191711,2.0862812995911,2.1212155818939,2.1430897712708,2.1659598350525,2.1004092693329,2.0806901454926,2.0694131851196,2.1367106437683,2.1506180763245,2.0614354610443,2.1109526157379,2.0762672424316,2.1394274234772,2.100029706955,2.0542538166046,2.0154008865356,1.9985144138336,2.1109225749969,2.0933582782745,2.0470547676086,2.130051612854,2.0172035694122,2.1005928516388,2.0639667510986,2.0687863826752,2.0829510688782,2.0419905185699,2.0766212940216,2.0528342723846,2.0001938343048,2.0259342193604,2.1004066467285,2.0509541034698,2.063015460968,2.0813760757446,2.1112442016602,2.0801837444305,2.1139914989471,2.0781931877136,2.0788536071777,2.0938487052917,2.1099627017975,2.1452631950378,2.091178894043,2.0733735561371,2.0621786117554,2.0722668170929,2.0620946884155,2.0340614318848,1.9839859008789,2.0465834140778,2.0539555549622,2.0965149402618,2.1025450229645,2.0890021324158,2.1160864830017,2.109069108963,2.0226695537567,2.0567893981934,2.0323710441589,2.069051027298,2.0702688694,2.0710661411285,2.078718662262,2.0607686042786,2.1009788513184,2.0679507255554,2.0953724384308,2.1559550762177,2.0291893482208,2.0353176593781,2.1283569335938,2.090747833252,2.0820806026459,2.0608837604523,2.0594942569733,2.0928492546082,2.0870721340179,1.9926562309265,2.088609457016,2.0760698318481,1.9897972345352,2.0016102790833,2.1293950080872,2.0565612316132,2.0574512481689,2.078047990799,2.1113815307617,2.0670812129974,2.0392260551453,2.0687527656555,1.9987412691116,2.0503842830658,2.0448706150055,2.0274527072906,1.9931915998459,2.0205962657928,2.0950162410736,2.0817408561707,2.0209081172943,2.0397584438324,2.1109702587128,2.032154083252,1.9460003376007,1.9962816238403,1.9617974758148,2.0717077255249,2.0952205657959,2.0705561637878,