{"val_loss_history":[1.9538742938527],"val_loss_history_it":[1000],"forward_backward_times":{},"opt":{"max_epochs":50,"checkpoint_every":1000,"batch_size":50,"memory_benchmark":0,"init_from":"","lr_decay_factor":0.5,"model_type":"lstm","print_every":1,"lr_decay_every":5,"seq_length":50,"input_json":"data\/artInAmerica.json","num_layers":2,"input_h5":"data\/artInAmerica.h5","dropout":0,"rnn_size":128,"checkpoint_name":"cv\/checkpoint","speed_benchmark":0,"batchnorm":0,"learning_rate":0.002,"gpu_backend":"cuda","grad_clip":5,"wordvec_size":64,"gpu":-1},"train_loss_history":[5.2027025222778,5.0703864097595,4.8550615310669,4.5752339363098,4.2709379196167,3.9922180175781,3.7386784553528,3.5285511016846,3.3888332843781,3.2395303249359,3.2140297889709,3.1668879985809,3.1449196338654,3.2205815315247,3.2098624706268,3.2969636917114,3.2150809764862,3.3088438510895,3.1634180545807,3.1934151649475,3.1813516616821,3.21599817276,3.2193667888641,3.2218537330627,3.2235932350159,3.1609928607941,3.1303772926331,3.2205324172974,3.1533615589142,3.1983361244202,3.0975730419159,3.1038856506348,3.2383251190186,3.1548364162445,3.1957912445068,3.1462638378143,3.1656856536865,3.1632854938507,3.1526536941528,3.1943161487579,3.1799340248108,3.1788885593414,3.123330116272,3.1572000980377,3.0896208286285,3.1525225639343,3.1205606460571,3.2246148586273,3.1767065525055,3.1799492835999,3.0919015407562,3.1363434791565,3.1569926738739,3.1951892375946,3.1929893493652,3.1584446430206,3.1841416358948,3.1673369407654,3.1271421909332,3.0802330970764,3.1233325004578,3.1678369045258,3.1145026683807,3.1218683719635,3.1447801589966,3.1293339729309,3.1639814376831,3.0943195819855,3.1391005516052,3.060563325882,3.133930683136,3.0975623130798,3.0755639076233,3.0792207717896,3.1316545009613,3.1528806686401,3.0618109703064,3.0437574386597,3.0576198101044,3.0085270404816,3.0642359256744,3.054803609848,3.029940366745,3.0409786701202,2.9991462230682,3.0483360290527,2.9823045730591,2.9640598297119,2.9682319164276,3.0415585041046,3.0381209850311,2.9789254665375,2.9854030609131,2.9768173694611,2.9649631977081,2.9504444599152,2.9448208808899,2.9241542816162,2.9829430580139,2.9043340682983,2.8994033336639,2.9971840381622,2.9631373882294,2.8587367534637,2.898291349411,2.9448895454407,2.9298856258392,2.8965566158295,2.8689992427826,2.8812892436981,2.8705575466156,2.8387591838837,2.8802070617676,2.8982403278351,2.9018959999084,2.7984218597412,2.7944145202637,2.8851149082184,2.829381942749,2.8571667671204,2.8184943199158,2.7971436977386,2.7986555099487,2.7586643695831,2.8301403522491,2.7887518405914,2.766619682312,2.7903592586517,2.7545614242554,2.7688188552856,2.8243601322174,2.7270967960358,2.7591869831085,2.7798135280609,2.764762878418,2.7434597015381,2.7375707626343,2.7404532432556,2.7917432785034,2.7464742660522,2.7036762237549,2.6844539642334,2.68767619133,2.7462327480316,2.6541614532471,2.6824417114258,2.7419979572296,2.7151832580566,2.7341749668121,2.7474772930145,2.684632062912,2.7224066257477,2.6818358898163,2.7152948379517,2.6590061187744,2.6501383781433,2.7085824012756,2.6518912315369,2.6421744823456,2.7007999420166,2.6521818637848,2.6418797969818,2.6332280635834,2.6559774875641,2.6238412857056,2.647073507309,2.6246597766876,2.5716888904572,2.641509771347,2.5753984451294,2.6151950359344,2.6263065338135,2.5936799049377,2.6418881416321,2.7265560626984,2.5588219165802,2.6008417606354,2.6799333095551,2.6486394405365,2.5814485549927,2.6007208824158,2.6079852581024,2.5392384529114,2.6272277832031,2.5904867649078,2.5302731990814,2.7147088050842,2.7029128074646,2.6296308040619,2.6127905845642,2.5482788085938,2.6228289604187,2.583512544632,2.6102912425995,2.651670217514,2.543586730957,2.5129878520966,2.549323797226,2.6076686382294,2.5405883789062,2.5160937309265,2.5825707912445,2.5740513801575,2.5687801837921,2.5128290653229,2.5510008335114,2.426910161972,2.5124974250793,2.5722718238831,2.5501840114594,2.5585370063782,2.6022834777832,2.5110306739807,2.440877199173,2.5067148208618,2.5126934051514,2.4809641838074,2.5397906303406,2.596155166626,2.5621235370636,2.5542750358582,2.4446315765381,2.4777591228485,2.5796806812286,2.5006418228149,2.520970582962,2.4719324111938,2.4864823818207,2.4926903247833,2.6312484741211,2.5674071311951,2.4807231426239,2.4856328964233,2.4756946563721,2.5048005580902,2.515332698822,2.5209951400757,2.4547679424286,2.4460549354553,2.4697721004486,2.5057573318481,2.419899225235,2.410076379776,2.4350304603577,2.463583946228,2.4198668003082,2.4646849632263,2.4319584369659,2.3931329250336,2.506208896637,2.4782674312592,2.4390070438385,2.4644932746887,2.4528057575226,2.4833025932312,2.425528049469,2.4092211723328,2.4290037155151,2.459156036377,2.4793274402618,2.4385094642639,2.4618592262268,2.4681541919708,2.3843505382538,2.4204120635986,2.3693950176239,2.4308784008026,2.4100887775421,2.4075417518616,2.3820493221283,2.3949995040894,2.4399676322937,2.408501625061,2.4647846221924,2.3884053230286,2.4030177593231,2.4151086807251,2.3965904712677,2.3812549114227,2.4391493797302,2.4431591033936,2.3979001045227,2.4429895877838,2.4075388908386,2.390239238739,2.3898792266846,2.4062840938568,2.4332535266876,2.4031791687012,2.3649322986603,2.4029233455658,2.4207358360291,2.4209940433502,2.3571977615356,2.3975012302399,2.4871354103088,2.439041852951,2.3990197181702,2.3928070068359,2.3468844890594,2.3737089633942,2.4095051288605,2.411429643631,2.3458528518677,2.3595447540283,2.3427922725677,2.3816714286804,2.3532350063324,2.3851008415222,2.4343082904816,2.3593301773071,2.378438949585,2.3732681274414,2.4836311340332,2.3453152179718,2.318968296051,2.3002746105194,2.3951771259308,2.3873000144958,2.3844482898712,2.3543643951416,2.3049058914185,2.3637416362762,2.3906559944153,2.3890640735626,2.3225946426392,2.3094549179077,2.374400138855,2.3404514789581,2.314281463623,2.3176350593567,2.310907125473,2.2572309970856,2.2646763324738,2.3262090682983,2.3683407306671,2.3133630752563,2.3272926807404,2.3595893383026,2.2592988014221,2.2341618537903,2.2681035995483,2.3769774436951,2.3159186840057,2.2866258621216,2.3436009883881,2.2989346981049,2.2941544055939,2.3375799655914,2.2781226634979,2.3416740894318,2.2998356819153,2.2827260494232,2.3049559593201,2.2868130207062,2.283792257309,2.2811660766602,2.3095388412476,2.3244068622589,2.3310790061951,2.3672487735748,2.3139579296112,2.3054022789001,2.2958092689514,2.3319666385651,2.2369537353516,2.2967798709869,2.2539553642273,2.3135483264923,2.1916723251343,2.2898292541504,2.2359089851379,2.3271014690399,2.2443788051605,2.268262386322,2.2873449325562,2.2331120967865,2.3162543773651,2.3862166404724,2.3498635292053,2.2721664905548,2.2825345993042,2.2512850761414,2.2952694892883,2.3476881980896,2.2708003520966,2.2710289955139,2.2388565540314,2.2777636051178,2.251256942749,2.2617738246918,2.2213032245636,2.2711086273193,2.2580146789551,2.2547700405121,2.2275619506836,2.2332358360291,2.2496173381805,2.2364313602448,2.2696290016174,2.2421731948853,2.24067735672,2.2470147609711,2.2328040599823,2.2709469795227,2.1698489189148,2.2482447624207,2.2138431072235,2.2379460334778,2.2536084651947,2.2626285552979,2.2443280220032,2.1793859004974,2.2958052158356,2.1772089004517,2.1881422996521,2.2824323177338,2.253221988678,2.2538664340973,2.2979273796082,2.2147839069366,2.1669762134552,2.1971833705902,2.1730346679688,2.237654209137,2.2917923927307,2.2417364120483,2.194726228714,2.2222018241882,2.2197513580322,2.2382957935333,2.2158558368683,2.2461185455322,2.210565328598,2.2326545715332,2.2705481052399,2.2327275276184,2.2032225131989,2.1949882507324,2.2159283161163,2.303484916687,2.2234873771667,2.231748342514,2.2756621837616,2.2617204189301,2.2289319038391,2.2363727092743,2.2398071289062,2.1762278079987,2.2509355545044,2.1877324581146,2.1874151229858,2.2784585952759,2.2113425731659,2.2420248985291,2.2670924663544,2.2791948318481,2.1973505020142,2.1869592666626,2.212717294693,2.1864950656891,2.1975548267365,2.1920831203461,2.260755777359,2.2573890686035,2.20978307724,2.1705219745636,